sku,MAE,n_obs
Cannibalized,2.1060062733801863,1089
Classic Seasonal,4.694352530439861,1459
Discontinued,4.2200113562271255,784
Flagship Growth,7.379582814315389,1455
Promo Dependent,3.0105298514292027,1240
Slow Decliner,2.593546719195273,1326
Supply Disrupted,3.5495460173519793,1451
Viral Spike,3.1886522506051644,1044
